userId,movieId,rating
1,69,5.0
1,52,5.0
1,5,5.0
1,51,5.0
1,71,5.0
1,66,5.0
1,24,5.0
1,67,5.0
1,48,5.0
1,25,5.0
1,62,5.0
1,68,5.0
1,26,5.0
1,27,5.0
1,72,5.0
1,70,5.0
1,75,5.0
1,49,5.0
1,36,5.0
1,86,5.0
1,85,5.0
1,73,5.0
1,57,5.0
1,95,5.0
1,29,5.0
1,59,5.0
2,1,5.0
2,93,5.0
2,71,5.0
2,69,5.0
2,21,5.0
2,70,5.0
2,72,5.0
2,67,5.0
2,9,5.0
2,23,5.0
2,28,5.0
2,46,5.0
2,13,5.0
2,40,5.0
2,81,5.0
2,22,5.0
3,97,5.0
3,79,5.0
3,95,5.0
3,11,5.0
3,20,5.0
3,38,5.0
3,81,5.0
3,80,5.0
3,2,5.0
3,77,5.0
3,78,5.0
3,34,5.0
3,100,5.0
3,93,5.0
3,83,5.0
3,12,5.0
3,8,5.0
3,28,5.0
3,57,5.0
3,49,5.0
3,68,5.0
3,35,5.0
3,17,5.0
3,19,5.0
3,31,5.0
3,75,5.0
3,23,5.0
4,100,5.0
4,75,5.0
4,72,5.0
4,62,5.0
4,96,5.0
4,67,5.0
4,70,5.0
4,12,5.0
4,66,5.0
4,68,5.0
4,97,5.0
4,95,5.0
4,69,5.0
4,5,5.0
4,28,5.0
4,94,5.0
4,71,5.0
4,98,5.0
4,8,5.0
4,30,5.0
4,7,5.0
4,87,4.8
4,99,5.0
4,15,5.0
4,10,5.0
4,77,3.8
4,17,5.0
5,20,5.0
5,2,5.0
5,77,5.0
5,1,5.0
5,34,5.0
5,42,5.0
5,44,5.0
5,47,5.0
5,80,5.0
5,86,5.0
5,79,5.0
5,11,5.0
5,41,5.0
5,4,5.0
5,83,5.0
5,46,5.0
5,45,5.0
5,28,5.0
5,81,5.0
5,82,5.0
5,78,5.0
5,48,4.8
5,67,5.0
5,63,5.0
5,31,5.0
5,59,5.0
5,30,5.0
5,95,5.0
5,72,5.0
5,16,5.0
6,34,5.0
6,76,5.0
6,83,5.0
6,81,5.0
6,80,5.0
6,77,5.0
6,78,5.0
6,8,5.0
6,20,5.0
6,28,5.0
6,11,5.0
6,82,5.0
6,4,5.0
6,38,5.0
6,2,5.0
6,1,5.0
6,79,5.0
6,40,5.0
6,26,5.0
6,89,5.0
6,22,5.0
6,87,4.9
6,92,5.0
6,13,5.0
6,12,5.0
6,14,5.0
7,71,5.0
7,51,5.0
7,72,5.0
7,26,5.0
7,27,5.0
7,5,5.0
7,50,5.0
7,69,5.0
7,48,5.0
7,52,5.0
7,75,5.0
7,62,5.0
7,53,5.0
7,70,5.0
7,68,5.0
7,25,5.0
7,49,5.0
7,37,5.0
7,63,5.0
7,17,5.0
7,94,5.0
7,8,5.0
7,90,5.0
7,85,5.0
7,1,5.0
8,80,5.0
8,81,5.0
8,43,5.0
8,86,5.0
8,2,5.0
8,79,5.0
8,46,5.0
8,38,5.0
8,42,5.0
8,47,5.0
8,1,5.0
8,30,5.0
8,14,5.0
8,59,5.0
8,23,5.0
8,6,5.0
9,29,5.0
9,3,5.0
9,26,5.0
9,25,5.0
9,10,5.0
9,27,5.0
9,16,5.0
9,5,5.0
9,75,5.0
9,62,5.0
9,66,5.0
9,6,5.0
9,71,5.0
9,67,5.0
9,17,5.0
9,46,5.0
9,22,5.0
9,57,5.0
9,34,5.0
9,61,5.0
9,52,5.0
9,20,5.0
10,81,5.0
10,77,5.0
10,94,5.0
10,4,5.0
10,12,5.0
10,79,5.0
10,34,5.0
10,23,5.0
10,11,5.0
10,38,5.0
10,25,5.0
10,10,5.0
10,37,5.0
10,57,5.0
10,45,5.0
11,12,5.0
11,26,5.0
11,28,5.0
11,94,5.0
11,34,5.0
11,9,5.0
11,27,5.0
11,8,5.0
11,100,5.0
11,52,5.0
11,1,5.0
11,49,5.0
11,24,5.0
11,25,5.0
11,4,5.0
11,5,5.0
11,95,5.0
11,93,5.0
11,66,5.0
11,41,5.0
11,42,5.0
11,69,5.0
11,57,5.0
11,43,5.0
11,99,5.0
11,78,5.0
12,4,5.0
12,80,5.0
12,78,5.0
12,1,5.0
12,28,5.0
12,83,5.0
12,38,5.0
12,8,5.0
12,79,5.0
12,13,5.0
12,32,5.0
12,26,5.0
12,86,5.0
13,12,5.0
13,28,5.0
13,34,5.0
13,78,5.0
13,11,5.0
13,82,5.0
13,5,5.0
13,18,5.0
13,83,5.0
13,43,4.8
13,74,5.0
13,13,5.0
13,66,5.0
13,19,5.0
14,1,5.0
14,82,5.0
14,2,5.0
14,69,5.0
14,76,5.0
14,71,5.0
14,28,5.0
14,8,5.0
14,83,5.0
14,20,5.0
14,77,5.0
14,81,5.0
14,80,5.0
14,70,5.0
14,79,5.0
14,67,5.0
14,75,5.0
14,66,5.0
14,57,5.0
14,17,5.0
14,49,5.0
14,84,5.0
14,73,5.0
14,91,5.0
14,58,5.0
14,36,5.0
14,56,5.0
15,34,5.0
15,83,5.0
15,81,5.0
15,28,5.0
15,76,5.0
15,41,5.0
15,82,5.0
15,44,5.0
15,8,5.0
15,86,5.0
15,43,5.0
15,78,5.0
15,46,5.0
15,42,5.0
15,47,5.0
15,80,5.0
15,20,5.0
15,4,5.0
15,1,5.0
15,79,5.0
15,11,5.0
15,97,5.0
15,88,5.0
15,6,5.0
15,16,5.0
15,74,5.0
15,12,5.0
15,36,4.7
15,52,5.0
15,49,5.0
15,40,5.0
16,34,5.0
16,26,5.0
16,27,5.0
16,51,5.0
16,1,5.0
16,24,5.0
16,52,5.0
16,20,5.0
16,50,5.0
16,25,5.0
16,4,5.0
16,79,5.0
16,82,5.0
16,11,5.0
16,76,5.0
16,78,5.0
16,48,5.0
16,2,5.0
16,19,5.0
16,42,5.0
16,60,5.0
16,43,5.0
16,45,5.0
16,71,5.0
16,57,5.0
16,99,5.0
16,74,5.0
17,44,5.0
17,67,5.0
17,71,5.0
17,66,5.0
17,62,5.0
17,47,5.0
17,43,5.0
17,69,5.0
17,72,5.0
17,100,5.0
17,65,4.8
17,60,5.0
17,50,5.0
17,25,5.0
18,45,5.0
18,12,5.0
18,98,5.0
18,93,5.0
18,86,5.0
18,41,5.0
18,43,5.0
18,46,5.0
18,44,5.0
18,13,5.0
18,6,5.0
18,52,5.0
18,34,5.0
19,7,5.0
19,40,5.0
19,2,5.0
19,26,5.0
19,39,5.0
19,71,5.0
19,16,5.0
19,9,5.0
19,37,5.0
19,53,5.0
19,27,5.0
19,17,5.0
19,69,5.0
19,29,5.0
19,5,5.0
19,68,5.0
19,30,5.0
19,3,5.0
19,75,5.0
19,89,5.0
19,70,5.0
19,19,5.0
19,67,5.0
19,86,5.0
19,96,5.0
19,14,5.0
19,36,5.0
19,47,5.0
19,51,5.0
19,43,5.0
19,95,5.0
19,55,5.0
19,50,5.0
19,15,5.0
20,59,5.0
20,1,5.0
20,54,5.0
20,10,5.0
20,91,5.0
20,58,5.0
20,55,5.0
20,3,5.0
20,38,5.0
20,16,5.0
20,60,5.0
20,56,5.0
20,29,5.0
20,92,5.0
20,6,5.0
20,89,5.0
20,7,5.0
20,9,5.0
20,63,5.0
20,15,5.0
20,82,5.0
20,83,5.0
20,5,5.0
20,20,5.0
20,49,5.0
20,41,5.0
20,12,5.0
21,5,5.0
21,70,5.0
21,28,5.0
21,67,5.0
21,100,5.0
21,9,5.0
21,23,5.0
21,68,5.0
21,62,5.0
21,93,5.0
21,69,5.0
21,21,5.0
21,4,5.0
21,12,5.0
21,38,5.0
21,27,5.0
21,47,5.0
21,87,5.0
21,17,5.0
21,51,5.0
22,75,5.0
22,68,5.0
22,100,5.0
22,70,5.0
22,23,5.0
22,72,5.0
22,8,5.0
22,28,5.0
22,9,5.0
22,94,5.0
22,95,5.0
22,67,5.0
22,62,5.0
22,1,5.0
22,12,5.0
22,21,5.0
22,27,5.0
22,86,4.9
22,14,5.0
22,16,5.0
22,22,5.0
22,55,5.0
22,79,5.0
23,37,5.0
23,2,5.0
23,88,5.0
23,1,5.0
23,7,5.0
23,16,5.0
23,53,5.0
23,26,5.0
23,24,5.0
23,40,5.0
23,29,5.0
23,10,5.0
23,6,5.0
23,47,5.0
23,97,5.0
23,95,5.0
23,94,5.0
23,20,5.0
23,51,5.0
24,25,5.0
24,43,5.0
24,27,5.0
24,51,5.0
24,26,5.0
24,86,5.0
24,52,5.0
24,48,5.0
24,24,5.0
24,41,5.0
24,44,5.0
24,49,5.0
24,45,5.0
24,50,5.0
24,42,5.0
24,47,5.0
24,46,5.0
24,53,5.0
24,59,5.0
24,67,5.0
24,60,5.0
24,35,5.0
24,55,4.6
24,17,5.0
24,99,5.0
24,5,5.0
24,28,5.0
24,36,5.0
25,100,5.0
25,75,5.0
25,94,5.0
25,70,5.0
25,68,5.0
25,67,5.0
25,71,5.0
25,95,5.0
25,98,5.0
25,28,5.0
25,72,5.0
25,46,5.0
25,39,4.4
25,22,5.0
25,60,5.0
25,18,5.0
25,16,5.0
26,83,5.0
26,49,5.0
26,28,5.0
26,78,5.0
26,27,5.0
26,34,5.0
26,2,5.0
26,48,5.0
26,82,5.0
26,11,5.0
26,53,5.0
26,20,5.0
26,80,5.0
26,77,5.0
26,79,5.0
26,1,5.0
26,52,5.0
26,51,5.0
26,57,5.0
26,33,5.0
26,46,5.0
26,29,5.0
26,45,5.0
26,17,5.0
26,74,5.0
26,41,5.0
27,92,5.0
27,68,5.0
27,10,5.0
27,75,5.0
27,24,5.0
27,48,5.0
27,66,5.0
27,7,5.0
27,5,5.0
27,56,5.0
27,72,5.0
27,59,5.0
27,88,5.0
27,16,5.0
27,62,5.0
27,71,5.0
27,25,5.0
27,67,5.0
27,17,5.0
27,89,5.0
27,69,5.0
27,58,5.0
27,60,5.0
27,74,5.0
27,9,5.0
27,40,5.0
27,45,5.0
27,43,5.0
27,95,5.0
27,1,5.0
27,12,5.0
27,36,5.0
27,51,5.0
27,84,5.0
28,86,5.0
28,4,5.0
28,44,5.0
28,46,5.0
28,12,5.0
28,95,5.0
28,28,5.0
28,21,5.0
28,23,5.0
28,5,5.0
28,43,5.0
28,100,5.0
28,88,5.0
28,78,5.0
28,69,5.0
28,97,5.0
28,92,5.0
28,57,5.0
29,59,5.0
29,60,5.0
29,61,5.0
29,24,5.0
29,10,5.0
29,58,5.0
29,51,5.0
29,7,5.0
29,90,5.0
29,92,5.0
29,88,5.0
29,56,5.0
29,53,5.0
29,82,5.0
29,93,5.0
29,8,5.0
29,84,5.0
29,21,4.6
29,43,5.0
30,45,5.0
30,46,5.0
30,41,5.0
30,42,5.0
30,28,5.0
30,12,5.0
30,100,5.0
30,86,5.0
30,44,5.0
30,93,5.0
30,94,5.0
30,47,5.0
30,98,5.0
30,96,5.0
30,97,5.0
30,43,5.0
30,95,5.0
30,27,5.0
30,79,5.0
30,19,5.0
30,65,5.0
30,21,5.0
30,91,5.0
30,5,5.0
30,13,5.0
30,31,5.0
30,82,5.0
31,47,5.0
31,89,5.0
31,17,5.0
31,2,5.0
31,6,5.0
31,41,5.0
31,29,5.0
31,19,5.0
31,9,5.0
31,42,5.0
31,26,5.0
31,24,5.0
31,7,5.0
31,97,5.0
31,80,5.0
31,4,5.0
31,83,5.0
31,85,5.0
31,66,5.0
32,46,5.0
32,68,5.0
32,71,5.0
32,44,5.0
32,41,5.0
32,70,5.0
32,67,5.0
32,47,5.0
32,45,5.0
32,69,5.0
32,86,5.0
32,72,5.0
32,78,5.0
32,99,5.0
32,25,5.0
32,15,5.0
32,97,5.0
32,38,5.0
33,100,5.0
33,52,5.0
33,24,5.0
33,49,5.0
33,93,5.0
33,98,5.0
33,25,5.0
33,28,5.0
33,50,5.0
33,27,5.0
33,53,5.0
33,77,5.0
33,4,5.0
33,67,5.0
33,61,5.0
33,21,5.0
34,39,5.0
34,38,5.0
34,29,5.0
34,10,5.0
34,34,5.0
34,7,5.0
34,26,5.0
34,5,5.0
34,1,5.0
34,37,5.0
34,53,5.0
34,23,5.0
34,96,5.0
34,52,5.0
34,99,5.0
34,74,5.0
34,56,5.0
34,47,4.7
35,55,5.0
35,37,5.0
35,94,5.0
35,21,5.0
35,25,5.0
35,28,5.0
35,9,5.0
35,17,5.0
35,16,5.0
35,34,5.0
35,12,5.0
35,61,5.0
35,64,5.0
35,97,5.0
35,2,5.0
35,83,5.0
35,47,5.0
35,15,5.0
36,9,5.0
36,12,5.0
36,91,5.0
36,54,5.0
36,1,5.0
36,25,5.0
36,37,5.0
36,95,5.0
36,94,5.0
36,61,5.0
36,90,5.0
36,89,5.0
36,16,5.0
36,34,5.0
36,6,5.0
36,58,5.0
36,57,5.0
36,100,5.0
36,31,5.0
36,62,4.6
36,44,5.0
36,79,5.0
36,2,5.0
36,78,5.0
36,82,5.0
36,13,5.0
37,48,5.0
37,50,5.0
37,49,5.0
37,53,5.0
37,26,5.0
37,25,5.0
37,27,5.0
37,51,5.0
37,52,5.0
37,24,5.0
37,11,5.0
37,19,5.0
37,41,5.0
37,79,5.0
37,9,5.0
37,44,5.0
38,9,5.0
38,18,5.0
38,69,5.0
38,70,5.0
38,66,5.0
38,8,5.0
38,12,5.0
38,71,5.0
38,90,5.0
38,79,5.0
38,10,5.0
38,38,5.0
39,10,5.0
39,25,5.0
39,75,5.0
39,17,5.0
39,62,5.0
39,16,5.0
39,89,5.0
39,38,5.0
39,3,5.0
39,66,5.0
39,2,5.0
39,37,5.0
39,5,5.0
39,9,5.0
39,24,5.0
39,29,5.0
39,19,5.0
39,30,5.0
39,69,5.0
39,15,5.0
39,12,5.0
39,36,5.0
39,83,5.0
39,48,5.0
39,41,5.0
39,90,5.0
39,95,5.0
39,54,5.0
40,40,5.0
40,89,5.0
40,43,5.0
40,17,5.0
40,86,5.0
40,37,5.0
40,10,5.0
40,88,5.0
40,45,5.0
40,53,5.0
40,2,5.0
40,19,5.0
40,54,5.0
40,61,5.0
40,80,5.0
40,100,5.0
40,63,5.0
40,55,5.0
41,1,5.0
41,12,5.0
41,28,5.0
41,8,5.0
41,82,5.0
41,93,5.0
41,83,5.0
41,18,5.0
41,2,5.0
41,80,5.0
41,11,5.0
41,5,5.0
41,34,5.0
41,94,5.0
41,20,5.0
41,66,5.0
41,48,4.7
41,47,5.0
41,72,5.0
41,3,5.0
41,54,5.0
41,74,5.0
42,46,5.0
42,53,5.0
42,45,5.0
42,26,5.0
42,42,5.0
42,27,5.0
42,44,5.0
42,52,5.0
42,86,5.0
42,41,5.0
42,35,5.0
42,3,5.0
42,74,5.0
42,82,5.0
42,18,5.0
43,53,5.0
43,30,5.0
43,38,5.0
43,6,5.0
43,19,5.0
43,39,5.0
43,10,5.0
43,17,5.0
43,9,5.0
43,88,5.0
43,37,5.0
43,3,5.0
43,40,5.0
43,1,5.0
43,24,5.0
43,89,5.0
43,27,5.0
43,16,5.0
43,26,5.0
43,7,5.0
43,2,5.0
43,25,5.0
43,29,5.0
43,73,5.0
43,85,5.0
43,64,5.0
43,70,5.0
43,91,4.1
43,51,5.0
43,28,5.0
43,77,5.0
43,44,5.0
43,58,5.0
44,100,5.0
44,18,5.0
44,34,5.0
44,41,5.0
44,42,5.0
44,9,5.0
44,28,5.0
44,4,5.0
44,12,5.0
44,47,5.0
44,23,5.0
44,21,5.0
44,95,5.0
44,44,5.0
44,93,5.0
44,45,5.0
44,86,5.0
44,46,5.0
44,5,5.0
44,94,5.0
44,43,5.0
44,55,5.0
44,30,5.0
44,64,5.0
44,36,5.0
44,92,5.0
44,24,5.0
44,33,5.0
44,58,5.0
44,88,5.0
45,42,5.0
45,46,5.0
45,12,5.0
45,28,5.0
45,44,5.0
45,47,5.0
45,41,5.0
45,97,5.0
45,94,5.0
45,95,5.0
45,45,5.0
45,96,5.0
45,98,5.0
45,93,5.0
45,100,5.0
45,86,5.0
45,43,5.0
45,29,5.0
45,64,5.0
45,81,5.0
45,49,5.0
45,33,5.0
45,55,5.0
45,99,5.0
45,34,5.0
45,67,5.0
45,83,5.0
45,70,5.0
46,62,5.0
46,70,5.0
46,100,5.0
46,12,5.0
46,95,5.0
46,98,5.0
46,5,5.0
46,72,5.0
46,96,5.0
46,71,5.0
46,66,5.0
46,67,5.0
46,97,5.0
46,68,5.0
46,75,5.0
46,69,5.0
46,94,5.0
46,93,5.0
46,57,5.0
46,92,5.0
46,38,5.0
46,6,5.0
46,59,5.0
46,11,5.0
46,49,5.0
46,9,5.0
46,17,5.0
47,93,5.0
47,1,5.0
47,100,5.0
47,97,5.0
47,95,5.0
47,37,5.0
47,30,5.0
47,29,5.0
47,38,5.0
47,23,5.0
47,76,5.0
47,4,5.0
47,51,5.0
47,71,5.0
48,94,5.0
48,51,5.0
48,24,5.0
48,27,5.0
48,97,5.0
48,53,5.0
48,50,5.0
48,100,5.0
48,95,5.0
48,96,5.0
48,12,5.0
48,52,5.0
48,48,5.0
48,49,5.0
48,93,5.0
48,28,5.0
48,98,5.0
48,25,5.0
48,26,5.0
48,79,5.0
48,13,5.0
48,9,5.0
48,32,5.0
48,55,5.0
48,22,5.0
48,4,5.0
48,41,5.0
48,99,5.0
48,20,5.0
48,44,5.0
49,7,5.0
49,60,5.0
49,58,5.0
49,17,5.0
49,25,5.0
49,90,5.0
49,91,5.0
49,53,5.0
49,50,5.0
49,88,5.0
49,92,5.0
49,56,5.0
49,26,5.0
49,71,5.0
49,38,5.0
49,42,5.0
49,47,5.0
49,33,5.0
49,5,5.0
50,49,5.0
50,44,5.0
50,47,5.0
50,48,5.0
50,27,5.0
50,42,5.0
50,41,5.0
50,86,5.0
50,52,5.0
50,95,5.0
50,19,5.0
50,6,5.0
50,3,5.0
51,98,5.0
51,24,5.0
51,51,5.0
51,50,5.0
51,12,5.0
51,100,5.0
51,53,5.0
51,93,5.0
51,96,5.0
51,10,5.0
51,78,5.0
51,1,5.0
51,80,5.0
51,63,5.0
52,34,5.0
52,25,5.0
52,21,5.0
52,51,5.0
52,27,5.0
52,95,5.0
52,9,5.0
52,52,5.0
52,53,5.0
52,8,5.0
52,18,5.0
52,94,5.0
52,1,5.0
52,48,5.0
52,66,5.0
52,10,5.0
52,62,5.0
52,70,5.0
52,46,5.0
52,86,5.0
52,47,5.0
53,28,5.0
53,78,5.0
53,81,5.0
53,91,5.0
53,16,5.0
53,80,5.0
53,34,5.0
53,6,5.0
53,89,5.0
53,56,5.0
53,17,5.0
53,10,5.0
53,38,5.0
53,77,5.0
53,55,5.0
53,8,5.0
53,79,5.0
53,76,5.0
53,82,5.0
53,58,5.0
53,20,5.0
53,2,5.0
53,90,5.0
53,64,5.0
53,93,5.0
53,70,5.0
53,31,5.0
53,39,5.0
53,5,5.0
53,47,5.0
53,9,5.0
53,42,5.0
53,27,5.0
53,63,5.0
54,9,5.0
54,25,5.0
54,52,5.0
54,100,5.0
54,24,5.0
54,51,5.0
54,48,5.0
54,26,5.0
54,27,5.0
54,53,5.0
54,5,5.0
54,28,5.0
54,50,5.0
54,34,5.0
54,21,5.0
54,1,5.0
54,4,5.0
54,18,5.0
54,95,5.0
54,6,5.0
54,17,5.0
54,61,5.0
54,86,4.6
54,97,5.0
54,78,5.0
54,39,5.0
54,56,5.0
54,44,5.0
55,16,5.0
55,26,5.0
55,24,5.0
55,46,5.0
55,25,5.0
55,9,5.0
55,41,5.0
55,30,5.0
55,45,5.0
55,7,5.0
55,1,5.0
55,3,5.0
55,6,5.0
55,27,5.0
55,38,5.0
55,53,5.0
55,29,5.0
55,88,5.0
55,89,5.0
55,40,5.0
55,43,5.0
55,19,5.0
55,42,5.0
55,61,5.0
55,15,5.0
55,81,5.0
55,8,5.0
55,65,5.0
55,96,5.0
55,13,5.0
55,85,5.0
55,62,5.0
55,84,5.0
55,71,5.0
56,11,5.0
56,20,5.0
56,81,5.0
56,77,5.0
56,83,5.0
56,80,5.0
56,38,5.0
56,8,5.0
56,2,5.0
56,34,5.0
56,28,5.0
56,1,5.0
56,78,5.0
56,79,5.0
56,82,5.0
56,4,5.0
56,76,5.0
56,43,4.5
56,74,5.0
56,24,5.0
56,30,5.0
56,67,5.0
56,19,5.0
56,46,5.0
56,3,5.0
56,95,5.0
56,99,5.0
57,47,5.0
57,68,5.0
57,43,5.0
57,5,5.0
57,42,5.0
57,62,5.0
57,72,5.0
57,86,5.0
57,41,5.0
57,75,5.0
57,70,5.0
57,45,5.0
57,67,5.0
57,44,5.0
57,71,5.0
57,66,5.0
57,46,5.0
57,69,5.0
57,77,5.0
57,63,5.0
57,25,5.0
57,98,5.0
57,8,5.0
57,61,5.0
57,78,5.0
57,95,5.0
57,23,5.0
57,34,5.0
57,58,5.0
58,10,5.0
58,53,5.0
58,66,5.0
58,25,5.0
58,26,5.0
58,17,5.0
58,38,5.0
58,75,5.0
58,89,5.0
58,16,5.0
58,5,5.0
58,70,5.0
58,27,5.0
58,19,5.0
58,67,5.0
58,30,5.0
58,1,5.0
58,29,5.0
58,9,5.0
58,39,5.0
58,6,5.0
58,24,5.0
58,69,5.0
58,96,4.1
58,74,5.0
58,91,5.0
58,18,5.0
58,50,5.0
58,64,5.0
58,52,5.0
58,36,5.0
58,60,5.0
58,65,5.0
59,60,5.0
59,37,5.0
59,61,5.0
59,56,5.0
59,58,5.0
59,17,5.0
59,47,5.0
59,6,5.0
59,41,5.0
59,92,5.0
59,57,5.0
59,7,5.0
59,88,5.0
59,45,5.0
59,24,5.0
59,59,5.0
59,42,5.0
59,89,5.0
59,98,5.0
59,27,5.0
59,22,5.0
59,35,5.0
59,87,5.0
59,64,5.0
59,65,5.0
59,26,5.0
60,69,5.0
60,42,5.0
60,43,5.0
60,72,5.0
60,47,5.0
60,70,5.0
60,45,5.0
60,62,5.0
60,33,5.0
60,81,5.0
60,65,5.0
60,21,5.0
61,81,5.0
61,45,5.0
61,1,5.0
61,46,5.0
61,42,5.0
61,80,5.0
61,77,5.0
61,41,5.0
61,38,5.0
61,11,5.0
61,47,5.0
61,86,5.0
61,78,5.0
61,2,5.0
61,64,5.0
61,63,5.0
61,91,5.0
61,7,5.0
61,31,5.0
61,19,5.0
61,72,5.0
62,89,5.0
62,45,5.0
62,57,5.0
62,60,5.0
62,91,5.0
62,48,5.0
62,43,5.0
62,86,5.0
62,58,5.0
62,88,5.0
62,44,5.0
62,42,5.0
62,47,5.0
62,61,5.0
62,16,5.0
62,7,5.0
62,17,5.0
62,10,5.0
62,24,5.0
62,56,5.0
62,54,5.0
62,59,5.0
62,90,5.0
62,87,5.0
62,80,5.0
62,71,5.0
62,26,5.0
62,14,5.0
62,83,5.0
62,97,5.0
62,30,5.0
62,81,5.0
62,85,5.0
62,75,3.9
63,95,5.0
63,30,5.0
63,16,5.0
63,88,5.0
63,7,5.0
63,38,5.0
63,17,5.0
63,100,5.0
63,12,5.0
63,93,5.0
63,96,5.0
63,1,5.0
63,37,5.0
63,28,5.0
63,53,5.0
63,94,5.0
63,10,5.0
63,29,5.0
63,27,5.0
63,34,5.0
63,4,5.0
63,31,5.0
63,76,5.0
63,73,5.0
63,71,5.0
63,78,5.0
63,35,5.0
63,42,5.0
64,26,5.0
64,48,5.0
64,8,5.0
64,12,5.0
64,49,5.0
64,53,5.0
64,5,5.0
64,18,5.0
64,34,5.0
64,95,5.0
64,4,5.0
64,24,5.0
64,23,5.0
64,50,5.0
64,28,5.0
64,94,5.0
64,81,5.0
64,38,5.0
64,3,5.0
64,32,5.0
64,66,5.0
64,45,4.6
64,63,5.0
65,6,5.0
65,39,5.0
65,1,5.0
65,2,5.0
65,51,5.0
65,48,5.0
65,10,5.0
65,37,5.0
65,3,5.0
65,52,5.0
65,29,5.0
65,88,5.0
65,38,5.0
65,9,5.0
65,24,5.0
65,89,5.0
65,49,5.0
65,53,5.0
65,40,5.0
65,26,5.0
65,27,5.0
65,91,5.0
65,60,5.0
65,41,5.0
65,54,5.0
65,95,5.0
65,71,5.0
65,4,5.0
65,14,5.0
65,23,5.0
65,11,5.0
66,72,5.0
66,86,5.0
66,75,5.0
66,68,5.0
66,62,5.0
66,70,5.0
66,44,5.0
66,69,5.0
66,66,5.0
66,5,5.0
66,46,5.0
66,67,5.0
66,43,5.0
66,19,5.0
66,61,5.0
66,54,5.0
66,21,5.0
66,55,5.0
66,23,5.0
67,95,5.0
67,9,5.0
67,8,5.0
67,18,5.0
67,94,5.0
67,93,5.0
67,100,5.0
67,28,5.0
67,34,5.0
67,12,5.0
67,4,5.0
67,1,5.0
67,96,5.0
67,23,5.0
67,5,5.0
67,98,5.0
67,21,5.0
67,22,5.0
67,10,5.0
67,29,5.0
67,44,5.0
67,53,5.0
67,65,5.0
67,83,5.0
67,40,5.0
68,80,5.0
68,34,5.0
68,78,5.0
68,81,5.0
68,83,5.0
68,38,5.0
68,2,5.0
68,8,5.0
68,4,5.0
68,63,5.0
68,27,5.0
68,47,5.0
68,97,5.0
68,68,5.0
69,67,5.0
69,70,5.0
69,72,5.0
69,5,5.0
69,68,5.0
69,62,5.0
69,75,5.0
69,71,5.0
69,66,5.0
69,69,5.0
69,28,5.0
69,37,5.0
69,44,5.0
69,85,4.7
69,8,5.0
69,25,5.0
69,65,5.0
69,84,5.0
69,45,5.0
70,88,5.0
70,94,5.0
70,7,5.0
70,54,5.0
70,34,5.0
70,9,5.0
70,55,5.0
70,57,5.0
70,10,5.0
70,58,5.0
70,93,5.0
70,59,5.0
70,90,5.0
70,80,5.0
70,62,5.0
70,68,5.0
70,86,5.0
70,98,5.0
70,43,5.0
71,7,5.0
71,39,5.0
71,16,5.0
71,10,5.0
71,95,5.0
71,37,5.0
71,24,5.0
71,27,5.0
71,100,5.0
71,3,5.0
71,23,5.0
71,53,5.0
71,19,5.0
71,4,5.0
71,17,5.0
71,6,5.0
71,80,5.0
71,82,5.0
71,55,4.8
71,83,5.0
71,98,5.0
71,72,5.0
71,43,5.0
72,44,5.0
72,94,5.0
72,100,5.0
72,95,5.0
72,43,5.0
72,47,5.0
72,42,5.0
72,12,5.0
72,45,5.0
72,98,5.0
72,86,5.0
72,93,5.0
72,96,5.0
72,28,5.0
72,46,5.0
72,41,5.0
72,97,5.0
72,65,5.0
72,5,5.0
72,89,5.0
72,36,5.0
72,38,5.0
72,59,5.0
72,78,5.0
72,84,5.0
73,9,5.0
73,89,5.0
73,24,5.0
73,6,5.0
73,1,5.0
73,2,5.0
73,3,5.0
73,8,5.0
73,10,5.0
73,83,5.0
73,25,5.0
73,80,5.0
73,34,5.0
73,37,5.0
73,29,5.0
73,39,5.0
73,26,5.0
73,11,5.0
73,4,5.0
73,79,5.0
73,27,5.0
73,88,5.0
73,47,5.0
73,98,5.0
73,56,5.0
73,90,5.0
73,46,4.5
73,93,5.0
73,71,5.0
73,59,5.0
73,60,5.0
73,97,5.0
74,45,5.0
74,81,5.0
74,2,5.0
74,78,5.0
74,28,5.0
74,8,5.0
74,42,5.0
74,41,5.0
74,74,5.0
74,13,5.0
74,5,5.0
74,30,5.0
75,97,5.0
75,100,5.0
75,68,5.0
75,94,5.0
75,93,5.0
75,28,5.0
75,98,5.0
75,71,5.0
75,32,5.0
75,63,5.0
75,92,5.0
75,41,5.0
76,9,5.0
76,98,5.0
76,4,5.0
76,28,5.0
76,97,5.0
76,100,5.0
76,21,5.0
76,34,5.0
76,94,5.0
76,95,5.0
76,12,5.0
76,8,5.0
76,1,5.0
76,5,5.0
76,93,5.0
76,54,5.0
76,26,5.0
76,46,5.0
76,85,4.7
76,17,5.0
76,71,5.0
76,15,5.0
77,50,5.0
77,34,5.0
77,49,5.0
77,2,5.0
77,52,5.0
77,20,5.0
77,53,5.0
77,26,5.0
77,27,5.0
77,83,5.0
77,28,5.0
77,79,5.0
77,76,5.0
77,24,5.0
77,78,5.0
77,4,5.0
77,48,5.0
77,81,5.0
77,77,5.0
77,1,5.0
77,94,5.0
77,5,5.0
77,65,5.0
77,97,4.6
77,56,5.0
77,74,5.0
77,55,5.0
77,35,5.0
77,42,5.0
78,27,5.0
78,25,5.0
78,52,5.0
78,26,5.0
78,50,5.0
78,51,5.0
78,49,5.0
78,24,5.0
78,53,5.0
78,48,5.0
78,43,5.0
78,11,5.0
78,7,5.0
78,78,5.0
78,12,5.0
78,71,5.0
78,18,5.0
78,69,5.0
78,8,5.0
78,72,5.0
78,28,5.0
79,58,5.0
79,44,5.0
79,16,5.0
79,91,5.0
79,92,5.0
79,56,5.0
79,17,5.0
79,6,5.0
79,42,5.0
79,60,5.0
79,46,5.0
79,41,5.0
79,10,5.0
79,88,5.0
79,89,5.0
79,7,5.0
79,54,5.0
79,20,5.0
79,73,5.0
79,11,5.0
79,33,5.0
79,79,5.0
79,98,5.0
79,96,5.0
79,12,5.0
80,11,5.0
80,77,5.0
80,4,5.0
80,28,5.0
80,45,5.0
80,1,5.0
80,8,5.0
80,46,5.0
80,2,5.0
80,95,5.0
80,67,5.0
80,39,5.0
80,5,5.0
81,83,5.0
81,78,5.0
81,28,5.0
81,82,5.0
81,53,5.0
81,8,5.0
81,2,5.0
81,11,5.0
81,4,5.0
81,24,5.0
81,77,5.0
81,48,5.0
81,38,5.0
81,34,5.0
81,25,5.0
81,1,5.0
81,95,5.0
81,19,5.0
81,10,5.0
81,44,5.0
81,3,5.0
81,69,5.0
81,23,5.0
81,66,5.0
82,79,5.0
82,81,5.0
82,37,5.0
82,2,5.0
82,82,5.0
82,57,5.0
82,6,5.0
82,90,5.0
82,25,5.0
82,83,5.0
82,92,5.0
82,28,5.0
82,55,5.0
82,16,5.0
82,62,5.0
82,65,5.0
82,50,5.0
82,87,5.0
82,23,5.0
82,13,5.0
82,68,5.0
83,18,5.0
83,86,5.0
83,21,5.0
83,100,5.0
83,41,5.0
83,34,5.0
83,4,5.0
83,94,5.0
83,1,5.0
83,12,5.0
83,43,5.0
83,92,5.0
83,87,5.0
83,82,5.0
83,15,5.0
83,22,5.0
84,53,5.0
84,69,5.0
84,71,5.0
84,62,5.0
84,52,5.0
84,75,5.0
84,51,5.0
84,70,5.0
84,72,5.0
84,48,5.0
84,67,5.0
84,66,5.0
84,50,5.0
84,68,5.0
84,24,5.0
84,5,5.0
84,25,5.0
84,26,5.0
84,27,5.0
84,49,5.0
84,94,5.0
84,47,5.0
84,95,5.0
84,30,5.0
84,86,5.0
84,1,5.0
84,16,5.0
84,2,5.0
84,99,5.0
84,87,4.5
84,3,5.0
85,81,5.0
85,45,5.0
85,77,5.0
85,44,5.0
85,76,5.0
85,4,5.0
85,79,5.0
85,83,5.0
85,86,5.0
85,41,5.0
85,38,5.0
85,8,5.0
85,42,5.0
85,11,5.0
85,78,5.0
85,2,5.0
85,28,5.0
85,34,5.0
85,6,5.0
85,74,5.0
85,69,5.0
85,91,5.0
85,61,5.0
85,56,5.0
85,5,5.0
85,59,5.0
85,15,5.0
86,9,5.0
86,12,5.0
86,34,5.0
86,8,5.0
86,66,5.0
86,4,5.0
86,75,5.0
86,62,5.0
86,49,5.0
86,39,5.0
86,96,5.0
86,33,5.0
87,40,5.0
87,25,5.0
87,37,5.0
87,95,5.0
87,88,5.0
87,94,5.0
87,9,5.0
87,30,5.0
87,53,5.0
87,96,5.0
87,18,5.0
87,21,5.0
87,46,5.0
87,83,5.0
87,47,4.9
88,78,5.0
88,51,5.0
88,38,5.0
88,24,5.0
88,50,5.0
88,8,5.0
88,53,5.0
88,52,5.0
88,4,5.0
88,79,5.0
88,83,5.0
88,11,5.0
88,28,5.0
88,82,5.0
88,35,5.0
88,42,5.0
88,9,5.0
88,64,5.0
88,73,5.0
88,44,5.0
89,69,5.0
89,70,5.0
89,72,5.0
89,67,5.0
89,5,5.0
89,71,5.0
89,62,5.0
89,66,5.0
89,68,5.0
89,49,5.0
89,40,5.0
89,4,5.0
89,41,5.0
90,89,5.0
90,58,5.0
90,92,5.0
90,10,5.0
90,48,5.0
90,59,5.0
90,100,5.0
90,12,5.0
90,37,5.0
90,97,5.0
90,55,5.0
90,90,5.0
90,91,5.0
90,7,5.0
90,95,5.0
90,28,5.0
90,16,5.0
90,88,5.0
90,93,5.0
90,56,5.0
90,98,5.0
90,21,5.0
90,1,5.0
90,67,5.0
90,45,5.0
90,4,5.0
90,22,5.0
90,65,5.0
90,53,5.0
90,47,5.0
90,3,5.0
91,38,5.0
91,95,5.0
91,19,5.0
91,40,5.0
91,21,5.0
91,10,5.0
91,5,5.0
91,93,5.0
91,28,5.0
91,3,5.0
91,9,5.0
91,37,5.0
91,88,5.0
91,30,5.0
91,1,5.0
91,99,5.0
91,43,5.0
91,22,5.0
91,70,5.0
91,96,5.0
91,97,5.0
91,48,4.6
92,56,5.0
92,61,5.0
92,54,5.0
92,91,5.0
92,6,5.0
92,24,5.0
92,55,5.0
92,48,5.0
92,29,5.0
92,3,5.0
92,45,5.0
92,63,5.0
92,93,5.0
92,77,5.0
92,100,5.0
93,90,5.0
93,55,5.0
93,17,5.0
93,41,5.0
93,59,5.0
93,46,5.0
93,16,5.0
93,86,5.0
93,58,5.0
93,57,5.0
93,42,5.0
93,43,5.0
93,24,5.0
93,88,5.0
93,45,5.0
93,92,5.0
93,81,5.0
93,38,5.0
93,40,5.0
93,18,5.0
93,100,5.0
93,87,5.0
93,20,5.0
94,21,5.0
94,28,5.0
94,34,5.0
94,8,5.0
94,23,5.0
94,18,5.0
94,1,5.0
94,97,5.0
94,9,5.0
94,7,5.0
94,74,5.0
94,72,5.0
94,15,5.0
94,13,5.0
95,54,5.0
95,48,5.0
95,60,5.0
95,25,5.0
95,7,5.0
95,88,5.0
95,37,5.0
95,27,5.0
95,26,5.0
95,57,5.0
95,15,5.0
95,32,5.0
95,18,5.0
95,46,5.0
95,68,5.0
96,86,5.0
96,68,5.0
96,45,5.0
96,72,5.0
96,70,5.0
96,67,5.0
96,41,5.0
96,44,5.0
96,42,5.0
96,47,5.0
96,69,5.0
96,43,5.0
96,71,5.0
96,66,5.0
96,75,5.0
96,5,5.0
96,46,5.0
96,62,5.0
96,9,5.0
96,64,5.0
96,34,5.0
96,16,5.0
96,1,5.0
96,82,5.0
96,20,5.0
96,99,5.0
96,37,5.0
97,77,5.0
97,100,5.0
97,98,5.0
97,96,5.0
97,2,5.0
97,38,5.0
97,83,5.0
97,1,5.0
97,76,5.0
97,12,5.0
97,94,5.0
97,95,5.0
97,93,5.0
97,8,5.0
97,10,5.0
97,85,5.0
97,30,5.0
97,46,4.8
97,92,5.0
97,45,4.6
97,63,5.0
98,90,5.0
98,55,5.0
98,6,5.0
98,10,5.0
98,7,5.0
98,56,5.0
98,91,5.0
98,16,5.0
98,48,5.0
98,37,5.0
98,89,5.0
98,17,5.0
98,54,5.0
98,86,5.0
98,12,5.0
98,72,5.0
98,39,5.0
98,51,5.0
98,93,5.0
99,82,5.0
99,21,5.0
99,18,5.0
99,9,5.0
99,23,5.0
99,2,5.0
99,11,5.0
99,8,5.0
99,79,5.0
99,76,5.0
99,94,5.0
99,12,5.0
99,27,5.0
99,32,5.0
99,92,5.0
99,50,5.0
99,68,5.0
99,47,5.0
100,89,5.0
100,3,5.0
100,9,5.0
100,47,5.0
100,46,5.0
100,2,5.0
100,29,5.0
100,30,5.0
100,19,5.0
100,43,5.0
100,45,5.0
100,1,5.0
100,53,5.0
100,24,5.0
100,42,5.0
100,44,5.0
100,40,5.0
100,86,5.0
100,26,5.0
100,17,5.0
100,25,5.0
100,7,5.0
100,37,5.0
100,6,5.0
100,100,5.0
100,75,4.0
100,61,5.0
100,21,5.0
100,73,5.0
100,99,5.0
100,57,5.0
100,67,5.0
100,13,5.0
100,97,5.0
100,33,5.0
101,23,5.0
101,5,5.0
101,12,5.0
101,1,5.0
101,94,5.0
101,24,5.0
101,9,5.0
101,49,5.0
101,8,5.0
101,34,5.0
101,25,5.0
101,58,5.0
101,66,5.0
101,76,5.0
101,85,4.4
101,6,5.0
102,76,5.0
102,88,5.0
102,48,5.0
102,82,5.0
102,7,5.0
102,16,5.0
102,2,5.0
102,60,5.0
102,11,5.0
102,53,4.4
102,96,5.0
102,95,5.0
102,51,5.0
103,27,5.0
103,1,5.0
103,47,5.0
103,88,5.0
103,39,5.0
103,17,5.0
103,37,5.0
103,25,5.0
103,6,5.0
103,24,5.0
103,9,5.0
103,19,5.0
103,7,5.0
103,86,5.0
103,89,5.0
103,10,5.0
103,46,5.0
103,3,5.0
103,2,5.0
103,44,5.0
103,76,5.0
103,57,3.6
103,11,5.0
103,22,5.0
103,74,5.0
103,48,5.0
103,58,5.0
103,73,5.0
103,80,5.0
104,88,5.0
104,61,5.0
104,71,5.0
104,10,5.0
104,54,5.0
104,72,5.0
104,55,5.0
104,92,5.0
104,69,5.0
104,48,5.0
104,24,5.0
104,67,5.0
104,16,5.0
104,7,5.0
104,57,5.0
104,17,5.0
104,56,5.0
104,90,5.0
104,37,5.0
104,62,5.0
104,89,5.0
104,46,4.1
104,30,5.0
104,18,5.0
104,65,5.0
104,36,5.0
104,42,4.5
104,82,5.0
104,47,5.0
104,34,5.0
105,10,5.0
105,40,5.0
105,25,5.0
105,100,5.0
105,39,5.0
105,24,5.0
105,95,5.0
105,9,5.0
105,21,5.0
105,53,5.0
105,4,5.0
105,7,5.0
105,3,5.0
105,38,5.0
105,2,5.0
105,30,5.0
105,16,5.0
105,88,5.0
105,14,5.0
105,98,5.0
105,20,5.0
105,67,5.0
105,57,5.0
105,72,5.0
105,84,5.0
105,76,5.0
105,60,5.0
106,56,5.0
106,88,5.0
106,93,5.0
106,61,5.0
106,95,5.0
106,17,5.0
106,6,5.0
106,55,5.0
106,59,5.0
106,97,5.0
106,60,5.0
106,94,5.0
106,37,5.0
106,7,5.0
106,12,5.0
106,100,5.0
106,25,5.0
106,98,5.0
106,99,5.0
106,3,5.0
106,80,5.0
106,67,5.0
106,83,5.0
106,77,5.0
106,82,5.0
106,18,5.0
106,13,5.0
107,57,5.0
107,59,5.0
107,92,5.0
107,88,5.0
107,48,5.0
107,56,5.0
107,91,5.0
107,16,5.0
107,6,5.0
107,25,5.0
107,37,5.0
107,24,5.0
107,7,5.0
107,54,5.0
107,11,5.0
107,52,5.0
107,44,5.0
107,29,5.0
107,2,5.0
107,86,5.0
107,13,5.0
108,27,5.0
108,37,5.0
108,24,5.0
108,30,5.0
108,70,5.0
108,71,5.0
108,29,5.0
108,9,5.0
108,66,5.0
108,19,5.0
108,26,5.0
108,1,5.0
108,69,5.0
108,89,5.0
108,17,5.0
108,62,5.0
108,10,5.0
108,40,5.0
108,2,5.0
108,75,5.0
108,39,5.0
108,53,5.0
108,11,5.0
108,54,5.0
108,78,5.0
108,87,5.0
108,14,5.0
108,55,5.0
108,28,5.0
108,51,5.0
108,91,5.0
108,22,5.0
109,67,5.0
109,75,5.0
109,68,5.0
109,10,5.0
109,91,5.0
109,66,5.0
109,48,5.0
109,56,5.0
109,72,5.0
109,70,5.0
109,55,5.0
109,69,5.0
109,17,5.0
109,37,5.0
109,54,5.0
109,71,5.0
109,58,5.0
109,61,5.0
109,25,5.0
109,88,5.0
109,2,5.0
109,40,5.0
109,44,5.0
109,81,5.0
109,49,5.0
109,76,5.0
109,21,5.0
109,45,4.8
109,26,5.0
110,46,5.0
110,21,5.0
110,86,5.0
110,1,5.0
110,23,5.0
110,47,5.0
110,9,5.0
110,8,5.0
110,43,5.0
110,42,5.0
110,100,5.0
110,5,5.0
110,41,5.0
110,4,5.0
110,93,5.0
110,18,5.0
110,44,5.0
110,28,5.0
110,34,5.0
110,53,5.0
110,68,5.0
110,19,5.0
110,16,5.0
110,26,5.0
110,33,5.0
110,20,5.0
110,83,5.0
110,97,5.0
111,2,5.0
111,16,5.0
111,3,5.0
111,1,5.0
111,25,5.0
111,37,5.0
111,30,5.0
111,24,5.0
111,89,5.0
111,7,5.0
111,26,5.0
111,9,5.0
111,27,5.0
111,40,5.0
111,96,5.0
111,80,5.0
111,64,5.0
111,58,5.0
111,55,5.0
111,79,5.0
111,22,5.0
112,98,5.0
112,100,5.0
112,26,5.0
112,96,5.0
112,24,5.0
112,93,5.0
112,49,5.0
112,97,5.0
112,94,5.0
112,51,5.0
112,12,5.0
112,53,5.0
112,50,5.0
112,25,5.0
112,52,5.0
112,28,5.0
112,48,5.0
112,27,5.0
112,95,5.0
112,80,5.0
112,41,5.0
112,85,5.0
112,92,5.0
112,9,5.0
112,79,5.0
112,11,5.0
112,90,5.0
112,30,5.0
113,2,5.0
113,81,5.0
113,28,5.0
113,20,5.0
113,79,5.0
113,34,5.0
113,80,5.0
113,78,5.0
113,38,5.0
113,11,5.0
113,4,5.0
113,8,5.0
113,83,5.0
113,76,5.0
113,14,5.0
113,44,5.0
113,84,5.0
113,55,4.8
113,96,5.0
113,32,5.0
113,49,5.0
114,23,5.0
114,8,5.0
114,95,5.0
114,24,5.0
114,12,5.0
114,18,5.0
114,94,5.0
114,49,5.0
114,28,5.0
114,5,5.0
114,21,5.0
114,51,5.0
114,9,5.0
114,34,5.0
114,1,5.0
114,25,5.0
114,27,5.0
114,4,5.0
114,50,5.0
114,52,5.0
114,26,5.0
114,53,5.0
114,93,5.0
114,48,5.0
114,3,5.0
114,89,5.0
114,35,5.0
114,54,5.0
114,84,5.0
114,69,5.0
114,30,5.0
114,71,5.0
114,90,5.0
114,78,5.0
114,74,5.0
115,79,5.0
115,58,5.0
115,25,5.0
115,59,5.0
115,8,5.0
115,78,5.0
115,89,5.0
115,82,5.0
115,2,5.0
115,77,5.0
115,28,5.0
115,60,5.0
115,48,5.0
115,10,5.0
115,61,5.0
115,83,5.0
115,81,5.0
115,11,5.0
115,85,5.0
115,14,5.0
115,13,5.0
115,99,5.0
115,67,5.0
115,71,5.0
115,40,5.0
115,22,5.0
115,69,5.0
116,62,5.0
116,71,5.0
116,67,5.0
116,94,5.0
116,97,5.0
116,98,5.0
116,72,5.0
116,75,5.0
116,70,5.0
116,96,5.0
116,95,5.0
116,93,5.0
116,69,5.0
116,5,5.0
116,28,5.0
116,68,5.0
116,12,5.0
116,100,5.0
116,66,5.0
116,26,5.0
116,60,5.0
116,77,5.0
116,52,5.0
116,81,5.0
116,9,5.0
116,2,5.0
116,84,5.0
116,40,3.6
116,21,5.0
117,88,5.0
117,1,5.0
117,61,5.0
117,2,5.0
117,53,5.0
117,24,5.0
117,90,5.0
117,25,5.0
117,89,5.0
117,19,5.0
117,3,5.0
117,59,5.0
117,58,5.0
117,38,5.0
117,91,5.0
117,48,5.0
117,16,5.0
117,92,5.0
117,4,5.0
117,22,5.0
117,73,5.0
117,74,5.0
117,45,5.0
117,75,5.0
117,64,5.0
117,83,5.0
117,96,5.0
118,62,5.0
118,70,5.0
118,10,5.0
118,69,5.0
118,6,5.0
118,9,5.0
118,19,5.0
118,1,5.0
118,88,5.0
118,68,5.0
118,3,5.0
118,7,5.0
118,53,5.0
118,66,5.0
118,72,5.0
118,75,5.0
118,39,5.0
118,24,5.0
118,71,5.0
118,16,5.0
118,13,5.0
118,14,5.0
118,35,5.0
118,65,5.0
118,49,5.0
118,43,5.0
118,94,5.0
118,54,5.0
118,73,5.0
119,39,5.0
119,53,5.0
119,11,5.0
119,9,5.0
119,16,5.0
119,6,5.0
119,3,5.0
119,38,5.0
119,65,5.0
119,47,5.0
119,91,5.0
119,87,4.8
120,4,5.0
120,81,5.0
120,5,5.0
120,34,5.0
120,1,5.0
120,82,5.0
120,62,5.0
120,11,5.0
120,70,5.0
120,66,5.0
120,80,5.0
120,78,5.0
120,2,5.0
120,75,5.0
120,38,5.0
120,71,5.0
120,72,5.0
120,76,5.0
120,88,5.0
120,47,5.0
120,51,5.0
120,45,5.0
120,44,5.0
120,65,5.0
120,61,5.0
120,86,5.0
120,13,5.0
